month,total_sales,transactions
2021-01,9641614.62,3835
2021-02,8772315.22,3407
2021-03,9455359.38,3813
2021-04,9389541.54,3724
2021-05,9771756.97,3848
2021-06,9286271.35,3783
2021-07,10311119.68,3984
2021-08,9630655.70,3723
2021-09,9188165.62,3670
2021-10,10263015.06,3916
2021-11,9265555.29,3798
2021-12,9585200.16,3881
2022-01,9764311.14,3847
2022-02,8344111.92,3447
2022-03,9986685.16,3947
2022-04,9326144.44,3763
2022-05,9947574.13,3849
2022-06,9647503.95,3798
2022-07,10067602.95,3893
2022-08,9651705.59,3912
2022-09,9607629.29,3683
2022-10,10282075.37,3848
2022-11,8941584.66,3765
2022-12,9869885.48,3799
2023-01,9485599.83,3926
2023-02,9508662.96,3628
2023-03,2514146.79,970
